{
    "rmse": 0.8012385289552078,
    "mae": 0.6582809536919799,
    "r2": 0.028733037887506585
}