{
    "rmse": 0.7814581606915647,
    "mae": 0.6556032229127908,
    "r2": 0.044922025474752325
}